[
  {
    "id": "demo1",
    "title": "Demo 1",
    "image": "media/demos/demo1.jpg"
  },
  {
    "id": "demo2",
    "title": "Demo 2",
    "image": "media/demos/demo2.jpg",
    "coming": true
  },
  {
    "id": "demo3",
    "title": "Demo 3",
    "image": "media/demos/demo3.jpg",
    "coming": true
  },
  {
    "id": "demo4",
    "title": "Demo 4",
    "image": "media/demos/demo4.jpg",
    "coming": true
  },
  {
    "id": "demo5",
    "title": "Demo 5",
    "image": "media/demos/demo5.jpg",
    "coming": true
  },
  {
    "id": "demo6",
    "title": "Demo 6",
    "image": "media/demos/demo6.jpg",
    "coming": true
  },
  {
    "id": "demo7",
    "title": "Demo 7",
    "image": "media/demos/demo7.jpg",
    "coming": true
  },
  {
    "id": "demo8",
    "title": "Demo 8",
    "image": "media/demos/demo8.jpg",
    "coming": true
  },
  {
    "id": "demo9",
    "title": "Demo 9",
    "image": "media/demos/demo9.jpg",
    "coming": true
  },
  {
    "id": "demo10",
    "title": "Demo 10",
    "image": "media/demos/demo10.jpg",
    "coming": true
  },
  {
    "id": "demo11",
    "title": "Demo 11",
    "image": "media/demos/demo11.jpg",
    "coming": true
  },
  {
    "id": "demo12",
    "title": "Demo 12",
    "image": "media/demos/demo12.jpg",
    "coming": true
  },
  {
    "id": "demo13",
    "title": "Demo 13",
    "image": "media/demos/demo13.jpg",
    "coming": true
  }
]
